Day,Open,High,Low,Close,Adj Close,Volume
1,398.799988,399.359985,394.019989,397.970001,397.970001,2137800
2,398.290009,402.709991,396.220001,396.440002,396.440002,2210200
3,395.850006,397,388.420013,393.630005,393.630005,3170600
4,395.040009,398.470001,394.290009,398.029999,398.029999,1916000
5,398.470001,403,396.040009,401.920013,401.920013,2316500
6,403.709991,406.890015,398.440002,401.01001,401.01001,2103000
7,402.529999,403.76001,393.799988,397.660004,397.660004,2679500
8,397.980011,399.779999,388.450012,390.980011,390.980011,2844900
9,392.130005,398.630005,391.290009,397.540009,397.540009,2340100
10,398.940002,399.309998,392.529999,395.869995,395.869995,2678300
11,393.679993,399.290009,389.410004,395.799988,395.799988,2601200
12,394.26001,403.48999,393.660004,399.609985,399.609985,4505100
13,403,407.799988,401.600006,407.049988,407.049988,3122100
14,408,408.059998,402,404.540009,404.540009,2060500
15,401,406.170013,397.790009,399.869995,399.869995,3025400
16,398.160004,400.200012,387.269989,387.600006,387.600006,4458400
17,390.5,394.100006,380.48999,386.279999,386.279999,3936800
18,387.399994,394.73999,387.119995,394.429993,394.429993,2894500
19,392.160004,392.850006,383.23999,384.200012,384.200012,3382300
20,393.769989,406.25,387.700012,403.01001,403.01001,10473900
21,371.76001,375.450012,357.76001,358.690002,358.690002,16154800
22,358.980011,360.850006,340.100006,346.149994,346.149994,10280800
23,349.589996,354,344.019989,347.950012,347.950012,4812900
24,346,349.369995,337.730011,346.450012,346.450012,4435400
25,347.399994,354.820007,347.399994,354.589996,354.589996,3335700
26,358.980011,361.799988,352.48999,361.079987,361.079987,4330500
27,361.609985,365,359.350006,360.869995,360.869995,3449700
28,361.839996,363.609985,356.25,361.790009,361.790009,3222100
29,356.429993,357.75,346.320007,349.25,349.25,6587700
30,347.700012,357.200012,346.5,357.200012,357.200012,4175000
31,359.339996,359.339996,353.350006,357.350006,357.350006,3520200
32,355.279999,355.730011,349.450012,353.649994,353.649994,4998000
33,352.640015,354.540009,346.100006,347.380005,347.380005,4168100
34,348.799988,350.459991,344.380005,349.799988,349.799988,3492800
35,352.440002,354.140015,346.75,346.76001,346.76001,4210000
36,345.190002,353,343.290009,351.779999,351.779999,3644700
37,353,361.079987,351.579987,358.320007,358.320007,3736400
38,359.859985,364.75,357.170013,359.799988,359.799988,3622100
39,357.220001,360.589996,355.5,360.130005,360.130005,3104900
40,360.600006,365.869995,357.079987,362.100006,362.100006,3882000
41,358.73999,360.959991,354.480011,359.779999,359.779999,2798300
42,363.899994,365.679993,362.459991,363.899994,363.899994,2704400
43,364.130005,372.730011,363.899994,372.369995,372.369995,3848300
44,374.049988,375.329987,368.899994,372.160004,372.160004,2926600
45,374.579987,374.98999,369.529999,372.059998,372.059998,2279800
46,372.690002,372.730011,367,370.529999,370.529999,2105800
47,370.98999,372.799988,367.279999,368.820007,368.820007,2246100
48,366.399994,371.160004,363.609985,370.640015,370.640015,2216600
49,376.619995,383.109985,368.079987,371.51001,371.51001,6829000
50,372.799988,378.570007,371.549988,373.73999,373.73999,4402200
51,375.720001,378.850006,374.880005,375.040009,375.040009,2303000
52,377.320007,379,375,378.769989,378.769989,2483500
53,378.769989,379,369.420013,373.230011,373.230011,2646700
54,370.640015,373,366.220001,368.970001,368.970001,2558500
55,371,372.839996,358.399994,360.619995,360.619995,5414100
56,360.089996,361.5,348.600006,351.850006,351.850006,4873500
57,354.029999,358.970001,348.839996,354.709991,354.709991,4445700
58,357.130005,357.600006,343.399994,343.410004,343.410004,4120700
59,343.149994,344,330.880005,338.470001,338.470001,5766400
60,340.049988,347,336.079987,338.290009,338.290009,3986800
61,342.399994,346.290009,334.059998,336.369995,336.369995,4297500
62,338.089996,344.429993,338,342.98999,342.98999,3600100
63,345.98999,348.299988,340.380005,341.959991,341.959991,4475500
64,341.820007,342.5,328.459991,333.619995,333.619995,6399300
65,335.149994,335.440002,315.609985,323,323,12534600
66,320.98999,324.940002,313.130005,317.76001,317.76001,7077400
67,321.880005,328,318.440002,327.070007,327.070007,6577600
68,328.470001,332.179993,322.5,331.809998,331.809998,5056600
69,330.600006,331,316.5,317.109985,317.109985,6126700
70,314,316.5,309.5,311.730011,311.730011,7287500
71,317.670013,320.480011,311.279999,315.910004,315.910004,4293500
72,316.700012,318.279999,305.5,316.079987,316.079987,5398600
73,321.170013,324,314.709991,323.679993,323.679993,4284900
74,319.76001,328.660004,319.76001,324.910004,324.910004,4299200
75,323.970001,331.149994,322.309998,330.869995,330.869995,2999400
76,332,337.5,328.940002,329.320007,329.320007,3711600
77,333.059998,333.130005,323.390015,324.579987,324.579987,3604600
78,329.670013,337.399994,322.950012,337.149994,337.149994,9293700
79,316.25,316.48999,302.709991,303.829987,303.829987,16180200
80,304,304.390015,288,296.579987,296.579987,14479800
81,296.440002,301.839996,290.450012,300.380005,300.380005,6509300
82,298.100006,304.559998,298.100006,304.130005,304.130005,4088600
83,304.130005,310.480011,304,307.890015,307.890015,4328600
84,310.420013,313.290009,304.309998,308.01001,308.01001,3995100
85,306.369995,310.230011,305,310.049988,310.049988,2519900
86,309.529999,309.809998,297.040009,297.380005,297.380005,4682300
87,295.559998,296.399994,286.679993,292.709991,292.709991,7015200
88,290.820007,295.880005,287.230011,288.320007,288.320007,3848200
89,290.570007,293.679993,284.380005,292.23999,292.23999,4063000
90,294.299988,303.339996,294.160004,302.859985,302.859985,3729600
91,302.600006,305.600006,300.75,304.640015,304.640015,3509900
92,302.5,304.640015,296.660004,297.619995,297.619995,3323300
93,298.019989,299.200012,290.380005,295.190002,295.190002,4295100
94,292.799988,298.880005,291.549988,297.700012,297.700012,3636800
95,295.76001,299,293.809998,296.76001,296.76001,2284200
96,297.100006,304.459991,296.75,301.190002,301.190002,4095700
97,302.209991,305.959991,301.519989,305.01001,305.01001,3408800
98,305.049988,308.540009,303.01001,304.910004,304.910004,2576800
99,305.459991,312.350006,304.899994,312.23999,312.23999,3052900
100,314.410004,314.630005,307.380005,310.820007,310.820007,4862100
101,309.5,313.820007,307.420013,310.160004,310.160004,2726000
102,310.420013,314.869995,310.200012,313.779999,313.779999,2365500
103,314.429993,314.649994,307.570007,312.549988,312.549988,4260200
104,312.589996,312.600006,307,308.839996,308.839996,2203400
105,305.75,307.920013,305.070007,307.190002,307.190002,2379200
106,306.850006,309.5,303.839996,306.779999,306.779999,2107100
107,308.100006,327.940002,306.899994,323.570007,323.570007,7796700
108,325,330.880005,324.929993,329.670013,329.670013,5244000
109,331.570007,333,325.649994,327.5,327.5,3212200
110,327.649994,335.5,327.5,332.410004,332.410004,3663400
111,336,340.720001,333.880005,335.200012,335.200012,4436800
112,335.549988,335.549988,324.660004,325.910004,325.910004,4276300
113,327.049988,329.299988,323.529999,326.269989,326.269989,2764800
114,324.859985,328.690002,323.519989,327.619995,327.619995,2449800
115,327.540009,331.339996,325.230011,325.619995,325.619995,2924100
116,328,335.75,325,334.380005,334.380005,6401500
117,335.26001,338.899994,325.980011,327,327,5320600
118,327.76001,328.220001,320.420013,324.200012,324.200012,6054000
119,323.329987,327.549988,321.410004,327.23999,327.23999,2604800
120,327.540009,329.730011,322.73999,324.160004,324.160004,2626600
121,324.329987,328.149994,321.73999,327.440002,327.440002,2327800
122,328.48999,328.649994,322.130005,325.690002,325.690002,2699500
123,325.880005,326.519989,323.269989,324.570007,324.570007,2416200
124,324.980011,326.980011,322.23999,324.779999,324.779999,2671300
125,325.859985,333.200012,325.100006,332.390015,332.390015,3173600
126,333.200012,336.76001,331.660004,332.850006,332.850006,2681300
127,334.829987,338.299988,333.079987,337.48999,337.48999,1944300
128,337.5,337.549988,332.519989,333.549988,333.549988,2128900
129,333.100006,333.73999,321.399994,323.809998,323.809998,4271600
130,324.709991,330.200012,323.149994,329.970001,329.970001,3166100
131,324.339996,329.980011,322.649994,327.920013,327.920013,2665000
132,334.709991,347,334.709991,346.200012,346.200012,8300800
133,347.029999,355.769989,345.359985,355.320007,355.320007,5609900
134,353.720001,355.589996,349.399994,354.440002,354.440002,4170900
135,355.619995,359.320007,353,355.899994,355.899994,3503600
136,353.440002,356.959991,351.380005,352.450012,352.450012,3636000
137,354.399994,359.679993,352.079987,358.660004,358.660004,3407400
138,358.100006,361.709991,356.720001,359.76001,359.76001,2278400
139,355.25,362.929993,355.25,360.839996,360.839996,2888900
140,359.049988,360.630005,356.619995,358.140015,358.140015,2687300
141,359.980011,364.850006,358.519989,358.609985,358.609985,7088700
142,317.299988,324.869995,314.76001,324.01001,324.01001,17846500
143,324.25,324.820007,316.5,320.410004,320.410004,5932000
144,321.980011,322.899994,319.5,320,320,2883800
145,321.450012,322.730011,318.5,322.51001,322.51001,3969000
146,320.01001,320.679993,311.859985,312.98999,312.98999,5192000
147,313.690002,315.829987,304.589996,307.059998,307.059998,7441500
148,308.839996,316.179993,308.5,313.649994,313.649994,4200900
149,313.299988,314.549988,310.059998,312.320007,312.320007,2852100
150,310.829987,315.779999,310.200012,313.890015,313.890015,2296900
151,315.209991,315.880005,309.649994,311.450012,311.450012,2935600
152,311.940002,317.320007,310.660004,316.799988,316.799988,2705900
153,318.480011,320.380005,316.880005,318.329987,318.329987,2468600
154,318.890015,321.309998,316.950012,319.320007,319.320007,1915800
155,327.600006,331.720001,326.140015,326.279999,326.279999,4939100
156,327.799988,334.089996,326.709991,333.209991,333.209991,3420400
157,334,335,328.320007,333.630005,333.630005,3896700
158,335.480011,337.799988,333.769989,334.529999,334.529999,2485400
159,334.869995,335.809998,333.01001,335.130005,335.130005,1713800
160,334.679993,337.160004,334.019989,335.779999,335.779999,1810500
161,336.480011,336.579987,332.230011,332.910004,332.910004,1971100
162,332.98999,334.079987,330.799988,331.589996,331.589996,2211200
163,333.209991,336.769989,332.709991,334.019989,334.019989,1957700
164,337,344.359985,334.549988,341.829987,341.829987,3654700
165,342.089996,346.670013,341.339996,343.179993,343.179993,2961600
166,340,341.790009,338.799988,340.019989,340.019989,2252700
167,341.76001,341.820007,337.679993,339.040009,339.040009,1939500
168,339.980011,342.5,337.160004,342.380005,342.380005,2326000
169,342.540009,343.269989,337.549988,339,339,1993700
170,343.690002,349.380005,343.579987,345.950012,345.950012,3965600
171,346.299988,346.829987,342.5,346.380005,346.380005,2107000
172,344.540009,345.809998,339.040009,342.339996,342.339996,2955300
173,341.609985,341.76001,329.179993,329.75,329.75,4646800
174,334.299988,334.980011,328.820007,331.329987,331.329987,3797400
175,329.940002,333.01001,326.390015,330.519989,330.519989,2720200
176,329.559998,332.890015,328.790009,331.190002,331.190002,3429300
177,330.910004,331.329987,319,323.890015,323.890015,4000400
178,321.070007,329.480011,320.100006,327.76001,327.76001,3259900
179,327.76001,328,321.519989,324,324,4136000
180,325.440002,327.100006,323.709991,325,325,2576900
181,327.600006,332.76001,325.570007,331.320007,331.320007,6886200
182,328.48999,329.48999,321.059998,324.5,324.5,3109700
183,322.459991,327.600006,321.25,323.630005,323.630005,2352600
184,324.170013,329.440002,319.559998,328.209991,328.209991,2642200
185,327.98999,328.540009,321.399994,321.929993,321.929993,2928800
186,320.600006,323.5,317.640015,323.209991,323.209991,3638000
187,320.5,323.75,319,321.820007,321.820007,1924600
188,321.359985,323.429993,318.51001,322.440002,322.440002,2636200
189,322.040009,322.170013,315.549988,317.459991,317.459991,3089100
190,316.920013,318.529999,311.309998,318.410004,318.410004,3553900
191,320.359985,325.160004,319.529999,322.73999,322.73999,3037400
192,323.5,324.130005,319.600006,322.200012,322.200012,2290300
193,319.429993,322,316.670013,316.980011,316.980011,2365400
194,316.579987,324.109985,314.140015,322.700012,322.700012,3452800
195,321.48999,322.269989,314.519989,315.369995,315.369995,3587900
196,314.019989,317.769989,311.380005,311.390015,311.390015,3681900
197,309.869995,313.200012,303.470001,306.450012,306.450012,4363900
198,308,312.23999,305.75,308.309998,308.309998,3385800
199,304.350006,307.899994,299.100006,305.970001,305.970001,5343900
200,293.829987,306.820007,293.829987,302.859985,302.859985,4731300
201,307.149994,309.200012,302.720001,303.640015,303.640015,4405100
202,302.950012,306.529999,302.019989,306.209991,306.209991,3234500
203,309.899994,315.640015,307.070007,315.329987,315.329987,3559300
204,315.429993,318.980011,312.640015,312.970001,312.970001,3125900
205,313.399994,316.799988,311.399994,313.179993,313.179993,9038200
206,284.399994,293.809998,284,287.059998,287.059998,19801100
207,285.700012,290.420013,285.019989,289.970001,289.970001,5950600
208,289.76001,298,289.76001,295.589996,295.589996,5572600
209,299.109985,299.609985,293.070007,294.119995,294.119995,4881900
210,293.980011,299.73999,292.359985,299.070007,299.070007,4055200
211,305.149994,305.720001,301.5,305.459991,305.459991,4550700
212,306.23999,308.01001,303.23999,305.720001,305.720001,3242500
213,303.98999,304.25,300.170013,302.809998,302.809998,3427400
214,303.01001,304,294.160004,296.519989,296.519989,4674500
215,296.690002,297,292.290009,296.640015,296.640015,3758100
216,297.820007,299.98999,296.290009,299.859985,299.859985,2647400
217,300,305.799988,300,305.109985,305.109985,2809100
218,305.940002,312.380005,303.649994,312.01001,312.01001,3803600
219,310.75,312.579987,308.790009,311.51001,311.51001,2183000
220,312,317.890015,311.51001,316.480011,316.480011,3686400
221,317.119995,332.880005,316.399994,327.820007,327.820007,8877800
222,326.440002,328,318.029999,323.049988,323.049988,4784900
223,323.98999,329.559998,323.25,324.929993,324.929993,3549500
224,327.25,328.399994,324.019989,326.540009,326.540009,3281600
225,324,332.670013,323.329987,330.540009,330.540009,3436700
226,335.420013,338.329987,331.470001,332.630005,332.630005,4466600
227,334.779999,337.390015,333.600006,335.640015,335.640015,2754200
228,335.269989,336.329987,331.279999,335.040009,335.040009,2565000
229,333.779999,334.649994,331.75,333.570007,333.570007,1983600
230,336.029999,341.26001,336.029999,338.640015,338.640015,3051800
231,338.119995,340.640015,325.929993,326,326,4944900
232,327.5,327.929993,323.25,326.309998,326.309998,2790300
233,325.730011,326.769989,314.359985,316.5,316.5,5681000
234,315.529999,318.589996,313.470001,316.929993,316.929993,3290300
235,316.799988,316.929993,310.839996,312.630005,312.630005,3265200
236,311.570007,316.559998,304.820007,306.640015,306.640015,3639200
237,302.98999,313.640015,301.140015,312.5,312.5,4049500
238,312,313.190002,304.679993,305.839996,305.839996,3245900
239,307.890015,312.640015,306.01001,307.359985,307.359985,3262900
240,303.98999,310.640015,303.01001,307.320007,307.320007,3153500
241,308.869995,310.859985,302.149994,306.070007,306.070007,3841600
242,304.350006,304.48999,295.01001,295.059998,295.059998,6501300
243,296.369995,299.670013,293.029999,298.880005,298.880005,4433500
244,304.01001,304.5,293.25,297.730011,297.730011,7738100
245,296.910004,301.540009,295.519989,299.899994,299.899994,8709100
246,301.940002,307.359985,301.940002,306.540009,306.540009,4003800
247,306.980011,307.48999,303.25,306.290009,306.290009,2713700
248,306.380005,307,302.880005,303.029999,303.029999,1513800
249,305,310.779999,303.809998,309.089996,309.089996,2893800
250,307.850006,314.269989,306.579987,312.040009,312.040009,3009000
251,309.910004,313.940002,309.339996,310.299988,310.299988,2093000
252,311.549988,312.980011,310.01001,310.350006,310.350006,2048000
253,312.579987,314.75,306.959991,308.519989,308.519989,2783200
254,307.01001,308.380005,300.850006,302.190002,302.190002,2774200
255,302.23999,303,292.380005,295.290009,295.290009,3519000
256,297.5,301.279999,295.329987,298.420013,298.420013,2640300
257,300.320007,303.140015,296.109985,300.459991,300.459991,3088400
258,301.480011,302.869995,296.679993,296.929993,296.929993,2589500
259,297.559998,298.51001,289.279999,291.410004,291.410004,3421400
260,297.480011,301.5,293.230011,294.73999,294.73999,4130900
261,291.929993,295.910004,286.5,293.269989,293.269989,5538700
262,294,296,286.820007,286.950012,286.950012,4419200
263,286.279999,290.790009,285.25,290.73999,290.73999,3478200
264,292.589996,293.359985,286.390015,289.440002,289.440002,3062500
265,289.640015,306,287.26001,297.25,297.25,10065100
266,300,312.25,300,310.320007,310.320007,5362600
267,308.079987,316.929993,307.720001,312.390015,312.390015,4467100
268,311.820007,313,307.519989,309.660004,309.660004,3169700
269,306.299988,310.23999,302.630005,306.75,306.75,2920300
270,309.809998,311.51001,303.799988,303.910004,303.910004,3063800
271,304.730011,312.799988,299.329987,311.779999,311.779999,8656600
272,346.320007,359.5,340.73999,354.529999,354.529999,23856100
273,350.049988,365,350.01001,364.470001,364.470001,10231900
274,360.290009,367.820007,360.209991,363.549988,363.549988,6204100
275,358.380005,367.5,358.230011,364.75,364.75,4169900
276,366,378.799988,365.899994,373.890015,373.890015,7247600
277,374.869995,375.98999,371.01001,374.279999,374.279999,3871300
278,371,374.410004,367.200012,370.559998,370.559998,2724600
279,371.190002,374.299988,368.51001,373,373,2287200
280,371.230011,377.100006,371.100006,375.140015,375.140015,2786500
281,375.100006,378.51001,373.149994,377.170013,377.170013,2791100
282,378.410004,383,377.01001,381.829987,381.829987,3475100
283,377.720001,379.98999,372.670013,375.429993,375.429993,3673200
284,373.779999,376.73999,372.850006,373.369995,373.369995,2523500
285,373.48999,381.880005,373.429993,379,379,2953800
286,378.619995,383.700012,375.839996,383.660004,383.660004,3258000
287,383.440002,384.540009,378,380.140015,380.140015,2177000
288,378.649994,380.480011,376.160004,378.589996,378.589996,1920800
289,377.269989,387.850006,376.540009,385.369995,385.369995,3174500
290,384.070007,389.369995,383.279999,384.799988,384.799988,2687100
291,384,385.98999,379.790009,380.160004,380.160004,2532300
292,380.850006,385.899994,379.480011,385.660004,385.660004,2139200
293,383.950012,386.100006,381.600006,384.609985,384.609985,1946500
294,385.709991,387.899994,382.190002,382.720001,382.720001,2252700
295,385.609985,388.420013,383.890015,387.829987,387.829987,2693500
296,385.519989,387,378.880005,380.089996,380.089996,2627000
297,378.399994,379.329987,375.279999,378.559998,378.559998,2311400
298,377.450012,377.769989,369.179993,369.51001,369.51001,3079600
299,370.609985,373.350006,366.26001,366.369995,366.369995,2495100
300,368.820007,375.5,367.519989,374.23999,374.23999,2810000
301,371.519989,373.98999,366.679993,370.579987,370.579987,2611700
302,370.380005,373.940002,366.720001,373.350006,373.350006,2354100
303,371.109985,374.5,369.640015,371.920013,371.920013,2034200
304,369.970001,375.98999,366.700012,375.140015,375.140015,2640600
305,373.869995,377.109985,372.190002,373.23999,373.23999,1915700
306,376.290009,379.369995,375.920013,378.48999,378.48999,3763600
307,378.070007,381.769989,374.940002,375.109985,375.109985,2235300
308,373.98999,375.23999,372.269989,374.089996,374.089996,2228200
309,375.170013,380.5,370.290009,370.959991,370.959991,3429500
310,369.589996,371.399994,365.649994,367.350006,367.350006,2930000
311,367.109985,373.170013,366.570007,370.559998,370.559998,2603800
312,371.869995,376.119995,371.549988,374.589996,374.589996,1820900
313,373.23999,377.700012,371.51001,372.100006,372.100006,2506100
314,372.100006,373.160004,368.339996,370.26001,370.26001,2451100
315,370.5,373.279999,369,372.25,372.25,1875300
316,370.100006,380.200012,369.359985,377.040009,377.040009,3050700
317,376.149994,379.309998,374.029999,374.410004,374.410004,1954900
318,374.660004,381.579987,374.649994,381.200012,381.200012,2636400
319,380.660004,384.420013,378.799988,383.540009,383.540009,2392300
320,384.309998,387.119995,381.320007,382.649994,382.649994,2573500
321,383.529999,385.279999,380.140015,382.359985,382.359985,1894500
322,383.51001,387.809998,381.209991,385.109985,385.109985,2548800
323,384.649994,385.779999,381.640015,383.450012,383.450012,1933200
324,383.690002,387.450012,383.549988,386.040009,386.040009,2080400
325,382.630005,383.559998,374.399994,375.559998,375.559998,3839700
326,378.549988,391.940002,377,389.51001,389.51001,5001400
327,391.309998,394.600006,386.799988,391.179993,391.179993,4643500
328,391.910004,394.279999,388,389.799988,389.799988,3474700
329,390.209991,391.880005,386.149994,389.98999,389.98999,7980000
330,439,452.649994,439,445.100006,445.100006,17176900
331,443.859985,446.98999,437.410004,438.559998,438.559998,5430900
332,438.51001,439,428.040009,429.309998,429.309998,4140500
333,426.75,434.23999,426.029999,429.369995,429.369995,3621700
334,427.109985,431.75,419.23999,421.779999,421.779999,3647900
335,423.820007,425.640015,416,422.869995,422.869995,3565800
336,424.799988,429.769989,422.420013,423.040009,423.040009,2270400
337,422.850006,427.51001,421.019989,421.190002,421.190002,2856400
338,421.429993,422.720001,414.549988,419.100006,419.100006,2552500
339,424.149994,428.5,422.850006,426.880005,426.880005,2766100
340,430.75,435.200012,430.170013,433.690002,433.690002,2908800
341,432.51001,439,431.369995,432.850006,432.850006,2393700
342,431.079987,433.25,426.709991,431.019989,431.019989,1947800
343,429.980011,433.529999,425.799988,426.869995,426.869995,1996300
344,429.450012,433,427.01001,432.279999,432.279999,1888500
345,428,430.399994,424.299988,426,426,4240300
346,426,427.269989,421.459991,425.23999,425.23999,2268700
347,424.869995,428.23999,420.630005,421.709991,421.709991,2464200
348,420.600006,427.100006,418.359985,423.859985,423.859985,2196200
349,428,436.899994,428,431.630005,431.630005,4121400
350,431.549988,432.440002,427.609985,427.630005,427.630005,2020600
351,426.200012,427,422,425.470001,425.470001,2244200
352,427.450012,431.850006,425.01001,431.420013,431.420013,2231100
353,429.709991,431.350006,425.470001,426.570007,426.570007,1912400
354,427.230011,432.5,427.230011,429.230011,429.230011,3008600
355,430.399994,433.160004,426.200012,430.920013,430.920013,2253300
356,430.070007,433.230011,426.25,430.98999,430.98999,1668900
357,434.399994,438.390015,432.75,436.589996,436.589996,2727900
358,434.399994,436.76001,429.26001,430.779999,430.779999,2510800
359,429.660004,430.799988,426.5,426.950012,426.950012,1907900
360,425.619995,426.799988,421.429993,423.5,423.5,2166900
361,422.959991,427.48999,419.140015,425.480011,425.480011,2288700
362,426.459991,432.200012,425.660004,430.769989,430.769989,2172300
363,432.290009,438.890015,431.470001,432.970001,432.970001,2922500
364,431.25,432.359985,428.26001,429.920013,429.920013,2054400
365,427.660004,428.049988,422.640015,423.670013,423.670013,2051000
366,424.149994,427.970001,422.670013,427.26001,427.26001,2296400
367,428.359985,431.350006,424.75,427.809998,427.809998,2185900
368,430.299988,439.730011,429.410004,439.390015,439.390015,3378400
369,440.26001,444.98999,433.23999,434.920013,434.920013,4495100
370,437,439.23999,434.179993,436.290009,436.290009,1823600
371,435.589996,447.040009,433.690002,445.98999,445.98999,3245000
372,444.970001,446.470001,440.230011,440.839996,440.839996,2620800
373,438.070007,443.470001,436.390015,440.100006,440.100006,2237500
374,441.76001,443.48999,435.059998,438.100006,438.100006,2624500
375,434.980011,437,429,429.859985,429.859985,2753200
376,434.200012,435.570007,430.459991,434.089996,434.089996,2596900
377,439.350006,440,435.579987,437.390015,437.390015,1987100
378,437,438.200012,433.480011,437.709991,437.709991,1343400
379,435.230011,439.730011,433.519989,436.040009,436.040009,1903200
380,435.679993,437.730011,425.570007,436.720001,436.720001,3454200
381,434.350006,435.98999,428.829987,429.700012,429.700012,2383100
382,434.899994,438.720001,434.149994,434.390015,434.390015,2271400
383,440.48999,444.720001,439,443.51001,443.51001,2401000
384,448.290009,457.869995,447.540009,455.570007,455.570007,3956800
385,462.320007,469.600006,458.160004,465.570007,465.570007,4736200
386,463.040009,464.700012,460.200012,461.190002,461.190002,2987400
387,465.5,475.880005,464.799988,475.480011,475.480011,4095600
388,477.700012,485.420013,477.25,483.01001,483.01001,4932200
389,492.570007,493.200012,485.399994,488.100006,488.100006,4752500
390,487.899994,488.880005,482.549988,488,488,3181800
391,485.98999,492.5,484.899994,488.269989,488.269989,3114900
392,491.660004,491.660004,475.700012,482.179993,482.179993,9374400
393,578.98999,580.570007,529.349976,529.419983,529.419983,21909400
394,527.75,544.950012,526.599976,531.409973,531.409973,7491000
395,536,536.390015,523.119995,526.030029,526.030029,5273100
396,530.919983,532.969971,525.02002,529,529,3752600
397,527.650024,539.200012,524.289978,536.76001,536.76001,3743100
398,539.090027,542.840027,534.52002,536.150024,536.150024,3025600
399,537.450012,540.440002,529.359985,535.030029,535.030029,3014200
400,529.690002,536.950012,529.159973,531.900024,531.900024,2934600
401,538.799988,539.140015,534.119995,537.01001,537.01001,2889400
402,539.299988,542.73999,527.52002,529.460022,529.460022,3820500
403,529.159973,529.460022,518.210022,522.619995,522.619995,3969200
404,528.52002,532.280029,523,524,524,2615900
405,523.650024,528.97998,522,527.460022,527.460022,2657900
406,523.75,527.5,513.059998,525.909973,525.909973,3962300
407,527.369995,534.659973,525.48999,529.659973,529.659973,2895200
408,528.25,534.109985,528.25,531.52002,531.52002,1983200
409,531.289978,538.73999,527.119995,535.219971,535.219971,2581700
410,535.039978,539.48999,533,535.02002,535.02002,2071300
411,533.73999,537.25,529,532.919983,532.919983,2324000
412,530.390015,533.25,515.77002,515.780029,515.780029,4408000
413,507.359985,512.330017,494.470001,494.470001,494.470001,6706500
414,463.579987,476.579987,451,463.369995,463.369995,10097600
415,487.48999,489.440002,466.25,466.369995,466.369995,5679300
416,484.019989,503.720001,478.76001,500.769989,500.769989,6358600
417,513.710022,522.690002,507.26001,518.369995,518.369995,6114500
418,517.5,521.5,513.039978,518.01001,518.01001,2746700
419,516.440002,519.409973,509.070007,512.890015,512.890015,2983000
420,499.140015,510,493.429993,496.540009,496.540009,3864500
421,505.089996,510.859985,497.720001,510.549988,510.549988,3707100
422,514.5,515.840027,502.570007,504.720001,504.720001,3149700
423,497.649994,502.850006,495.640015,499,499,2692500
424,508.690002,518.349976,508.51001,517.539978,517.539978,3810700
425,524,529.950012,515.059998,516.890015,516.890015,4338700
426,515.150024,526.130005,514.780029,522.23999,522.23999,2576000
427,521.070007,529.440002,520.609985,529.440002,529.440002,3227900
428,529.440002,532.450012,518.580017,521.380005,521.380005,3130200
429,523.25,527.919983,517.200012,522.369995,522.369995,2845600
430,521.97998,528.299988,518.52002,527.390015,527.390015,2252800
431,526.97998,546.969971,526.570007,538.869995,538.869995,4169500
432,534.619995,546.23999,531.349976,540.26001,540.26001,6125600
433,544.330017,549.780029,539.590027,548.390015,548.390015,3283300
434,539.710022,543.549988,532.659973,538.400024,538.400024,3841700
435,538.299988,541.210022,534,536.070007,536.070007,2237600
436,530.549988,534.559998,522.869995,533.75,533.75,3501000
437,542.570007,542.799988,521.400024,524.25,524.25,4031000
438,520.02002,520.280029,494.329987,504.059998,504.059998,5434500
439,506,511.480011,490.5,496.070007,496.070007,4457500
440,505.440002,512.799988,501.670013,511.890015,511.890015,3990400
441,511,520.799988,506,520.719971,520.719971,3768500
442,512.98999,532.599976,508.100006,532.539978,532.539978,4597800
443,536.98999,545.909973,536,543.679993,543.679993,3391400
444,545.5,551.5,533.330017,537.47998,537.47998,4502800
445,541.789978,542,529,541.940002,541.940002,3812100
446,536.710022,539.390015,519.890015,533.159973,533.159973,4676400
447,534.47998,541.789978,530.27002,539.799988,539.799988,3537400
448,539.960022,550.820007,539.799988,550.190002,550.190002,2776100
449,546.26001,553.200012,543.099976,548.900024,548.900024,2938000
450,551.340027,552.25,539.679993,544.830017,544.830017,3582100
451,547.75,563,547,562.440002,562.440002,4937000
452,565.27002,570.940002,560.309998,570.76001,570.76001,4315800
453,570.76001,579,567.380005,573.150024,573.150024,4375400
454,572,573,555.280029,560.880005,560.880005,4327900
455,563.869995,565.25,552.52002,555.77002,555.77002,3343600
456,562.700012,569.150024,556.669983,563.909973,563.909973,7779400
457,617.679993,619.450012,595.359985,599.030029,599.030029,10692700
458,602.299988,609.849976,596.289978,608.609985,608.609985,4269700
459,608.599976,614.710022,605.530029,611.01001,611.01001,3787100
460,612.299988,617.22998,609.5,617.099976,617.099976,3926200
461,617.700012,627.539978,615.390015,626.549988,626.549988,3858600
462,626.01001,630.719971,625.280029,625.900024,625.900024,3874400
463,627.130005,628.630005,620.409973,628.349976,628.349976,2816500
464,629.530029,629.890015,622,625.309998,625.309998,3246900
465,627.76001,645.929993,627.349976,640.950012,640.950012,4831800
466,647.099976,657,643.090027,655.650024,655.650024,4723800
467,655,662.26001,652,659.369995,659.369995,4092200
468,658.650024,661.960022,647.849976,655.48999,655.48999,4048800
469,651.01001,660,647.26001,659.679993,659.679993,3489500
470,663.25,675.960022,663.25,673.25,673.25,5387300
471,673,675.640015,664.219971,665.599976,665.599976,4284700
472,663.570007,667,640.450012,642.349976,642.349976,6261100
473,640.919983,649.98999,622.289978,647.809998,647.809998,7435900
474,650.650024,653.25,641,643.299988,643.299988,4320200
475,646.51001,664.880005,646.369995,663.539978,663.539978,4469800
476,664.98999,672.859985,659,661.27002,661.27002,4705200
477,667.940002,668.869995,657.570007,668.450012,668.450012,3896100
478,671.5,682.77002,670.119995,678.98999,678.98999,4385100
479,674.140015,675.799988,661.210022,671.150024,671.150024,4543400
480,675,679.700012,671.23999,675.340027,675.340027,2697900
481,680.799988,680.98999,672.099976,673.26001,673.26001,1966800
482,675.900024,681.289978,664.599976,664.799988,664.799988,5693200
483,673.75,681,667.859985,679.059998,679.059998,4751200
484,681,684.820007,674.25,676.01001,676.01001,4273500
485,679.440002,682.789978,661.47998,666.25,666.25,5064700
486,666,674.780029,661.400024,672.640015,672.640015,4534800
487,674.73999,675.460022,660.5,669.830017,669.830017,3732800
488,663.130005,679.98999,659.789978,677.330017,677.330017,3651900
489,678,679,655.679993,664.789978,664.789978,5158200
490,665.590027,668.530029,659.559998,662.320007,662.320007,3440200
491,651.22998,657.880005,639.619995,640.150024,640.150024,5474400
492,641.75,658.590027,635.27002,657.909973,657.909973,4329700
493,665.030029,671.5,657.349976,658.640015,658.640015,4753400
494,663.559998,677.349976,659.320007,675.77002,675.77002,3964500
495,680,682.5,670.650024,670.650024,670.650024,3681600
496,668.650024,676.840027,664.130005,664.140015,664.140015,6841300
497,668.5,669.900024,658.929993,664.51001,664.51001,3250900
498,666.830017,668.48999,659.26001,663.150024,663.150024,2664000
499,666.5,666.599976,656.630005,663.700012,663.700012,2722900
500,663.349976,664.679993,660.599976,662.789978,662.789978,1093000
501,665.559998,675.5,665.5,675.200012,675.200012,3775800
502,677.97998,696.440002,677.890015,693.969971,693.969971,5735000
503,691.890015,695.48999,686.380005,689.070007,689.070007,3519000
504,686.080017,687.75,675.890015,675.890015,675.890015,3749600
505,656.289978,657.719971,627.51001,636.98999,636.98999,9314500
506,646.859985,646.909973,627.650024,633.789978,633.789978,5822600
507,622,639.789978,620.309998,632.650024,632.650024,5329200
508,621.799988,630,605.210022,607.940002,607.940002,7074900
509,619.659973,624.140015,606,607.049988,607.049988,5512900
510,612.47998,619.849976,598.570007,617.73999,617.73999,4869200
511,625.25,625.98999,612.23999,617.890015,617.890015,4724100
512,620.880005,620.880005,579.159973,581.809998,581.809998,7655200
513,580.25,602.25,569.880005,593,593,7238000
514,572.23999,584.619995,565.299988,570.179993,570.179993,7784500
515,577.090027,584,566.450012,574.47998,574.47998,4807200
516,564.359985,578.450012,547.179993,571.77002,571.77002,7966400
517,573.580017,588.809998,568.219971,575.02002,575.02002,4952200
518,588.72998,600.099976,584.109985,596.380005,596.380005,5120100
519,597.98999,608.5,594.559998,596.530029,596.530029,4396100
520,603.450012,604.5,590.380005,601.25,601.25,3743200
521,601.98999,603.390015,578.780029,583.349976,583.349976,5152900
522,608.369995,638.059998,597.549988,635.349976,635.349976,14015200
523,571.97998,593,570,587,587,14677600
524,578.150024,581.799988,570.309998,574.809998,574.809998,6355100
525,570,571.559998,550.090027,552.099976,552.099976,6312000
526,553.5,556,521.900024,531.070007,531.070007,10048700
527,525,538.98999,519.219971,536.26001,536.26001,6176600
528,529.280029,529.450012,499.190002,502.130005,502.130005,9708900
529,486.470001,493.5,475.209991,488.100006,488.100006,9825500
530,478.01001,498.380005,474,482.070007,482.070007,7045900
531,491.76001,504.660004,486,490.480011,490.480011,6786200
532,491.170013,509.299988,484,503.820007,503.820007,7397400
533,510.700012,516.75,501.48999,507.079987,507.079987,5384800
534,519.47998,524.450012,511.660004,521.099976,521.099976,5118500
535,528.73999,537.47998,519.390015,534.099976,534.099976,4824000
536,541.190002,541.200012,523.72998,525,525,4735000
537,520.710022,535.950012,515.349976,534.900024,534.900024,4974700
538,542.200012,560.650024,541.080017,559.5,559.5,5566600
539,555.549988,556.909973,545.330017,552.940002,552.940002,4050800
540,545.75,554.27002,533.150024,554.039978,554.039978,6231700
541,555.52002,559.390015,545.289978,555.150024,555.150024,4510500
542,560.119995,562.5,553.169983,555.22998,555.22998,4877000
543,554,564.809998,552.51001,552.52002,552.52002,4145400
544,556.289978,579.25,556,579.039978,579.039978,5038500
545,581.75,585,573.700012,580.210022,580.210022,4582200
546,577.960022,579.869995,573.109985,577.48999,577.48999,2736700
547,581.070007,581.400024,571.070007,575.140015,575.140015,3416500
548,573.539978,573.630005,555.549988,562.799988,562.799988,4926900
549,557.869995,571.349976,554.73999,560.26001,560.26001,4730000
550,559.559998,560.349976,550.130005,559.469971,559.469971,4377300
551,566.73999,567,547.900024,558.929993,558.929993,3914300
552,566.950012,570.059998,562.72998,569.609985,569.609985,3771300
553,567,576.890015,563.049988,573.369995,573.369995,3454200
554,571,581.52002,567,577.02002,577.02002,3876800
555,576.640015,581.320007,571.140015,574.27002,574.27002,3537700
556,569.51001,571.400024,555.01001,559.440002,559.440002,5928100
557,560.940002,562.330017,546.090027,552.080017,552.080017,7296900
558,548.909973,555.23999,538.580017,553.97998,553.97998,5155700
559,545.109985,562.76001,545.049988,560.47998,560.47998,4000600
560,561,572.47998,558.099976,569.630005,569.630005,3983700
561,567.109985,583.549988,567.080017,582.950012,582.950012,5185500
562,584.400024,584.75,575.559998,579.869995,579.869995,3121500
563,580.150024,595.849976,576.5,593.859985,593.859985,4167100
564,596.710022,603.23999,595,598.690002,598.690002,3890500
565,599.280029,600.75,592.210022,593.640015,593.640015,2681800
566,590.48999,599.030029,588.299988,598.5,598.5,2917400
567,599,599.5,590.549988,593.190002,593.190002,2470800
568,590.77002,593.469971,585.25,586.140015,586.140015,2308900
569,587.52002,602.390015,587.5,602.080017,602.080017,2833500
570,598.76001,599.599976,589.080017,591.429993,591.429993,3189000
571,594.320007,597.859985,589,594.599976,594.599976,2591900
572,596.140015,604,594.909973,595.929993,595.929993,2704300
573,598.400024,604.059998,592.309998,603.169983,603.169983,2636300
574,607.679993,616.809998,605.289978,614.820007,614.820007,4228300
575,615.070007,624.380005,615.070007,620.75,620.75,3474300
576,621.919983,626.77002,618.109985,625.890015,625.890015,2887700
577,625.349976,637.640015,624.960022,635.349976,635.349976,4336400
578,637.140015,638.01001,620.799988,627.900024,627.900024,4055900
579,630,636.549988,623,632.98999,632.98999,2609400
580,631,637.820007,628.5,631,631,2596300
581,624.469971,628.25,611.559998,620.5,620.5,5083900
582,616.609985,626.97998,616.25,626.200012,626.200012,2682900
583,626.169983,626.75,614.880005,616.880005,616.880005,2521400
584,611.799988,615.950012,601.280029,606.570007,606.570007,4068800
585,615.539978,626.799988,599.200012,602,602,7872600
586,666,669.97998,654,659.590027,659.590027,10310700
587,663.919983,685.5,662.030029,683.849976,683.849976,6578500
588,677.359985,680.299988,670.429993,671.320007,671.320007,4923400
589,662.590027,674,662.140015,670.900024,670.900024,4574500
590,673.309998,676.48999,656,659.090027,659.090027,4884100
591,656.049988,676.950012,656.01001,673.950012,673.950012,4365300
592,673.950012,686.97998,671.409973,679.75,679.75,3982200
593,694,704.549988,693.5,703.070007,703.070007,6087000
594,705.789978,719,701.650024,713.22998,713.22998,7338200
595,717.380005,722.450012,711.51001,717.929993,717.929993,5048200
596,714.640015,719.25,706.51001,709.919983,709.919983,4763400
597,710.130005,713.25,700.280029,710.659973,710.659973,5432900
598,709.900024,714.469971,693.909973,695.27002,695.27002,5121400
599,689.559998,702.539978,688.76001,697.450012,697.450012,4283200
600,691.880005,699.400024,689.559998,698.52002,698.52002,3025600
601,701.049988,707.23999,700,702.799988,702.799988,2916200
602,704.25,706,696.419983,696.75,696.75,2579200
603,698.01001,707.5,698,704.200012,704.200012,3033800
604,708,710.859985,705.52002,708.349976,708.349976,3267700
605,708.330017,715,707.289978,714.909973,714.909973,2436800
606,715,716.599976,711.099976,712.23999,712.23999,2249200
607,712.330017,724.22998,711.320007,722.789978,722.789978,3618300
608,720.900024,726.429993,718.219971,719.440002,719.440002,3263100
609,720.969971,728.280029,715.5,728.23999,728.23999,3020700
610,726.73999,727,718.429993,725.539978,725.539978,3367300
611,726.5,731.5,724.419983,726.72998,726.72998,2704800
612,729.890015,730,720.549988,723.73999,723.73999,2732500
613,726.400024,729.419983,721.599976,726.640015,726.640015,2223400
614,723.099976,728.909973,722.299988,727.650024,727.650024,2170300
615,722.349976,724.97998,714.210022,717.909973,717.909973,3425700
616,714.01001,721.98999,711.159973,715.23999,715.23999,3352200
617,712.330017,720.809998,712.27002,719.299988,719.299988,2506900
618,722,722.559998,713.349976,714.26001,714.26001,2709400
619,712.049988,718,705.299988,717.51001,717.51001,3098000
620,718.190002,718.200012,699.179993,706.390015,706.390015,5897800
621,713.5,721.309998,710.809998,714.01001,714.01001,3677200
622,715.719971,718.400024,712.719971,715.820007,715.820007,2137500
623,716.580017,717,707.570007,710.599976,710.599976,2260500
624,715.5,722.119995,712.5,722.080017,722.080017,2825000
625,693,712.530029,692.200012,698.960022,698.960022,7632500
626,692.01001,696.820007,682.119995,691.359985,691.359985,5568000
627,700,708,698.169983,707.950012,707.950012,4037000
628,715.75,719.5,713.539978,715.599976,715.599976,3070100
629,717.200012,719.369995,712.539978,715.619995,715.619995,2855100
630,717.320007,728,716.539978,725.679993,725.679993,2920400
631,722.799988,729.559998,719.609985,728.099976,728.099976,2431400
632,725.710022,737.77002,722.580017,737.609985,737.609985,3938200
633,739.330017,739.549988,731.630005,736.570007,736.570007,2936700
634,740.140015,746.099976,738,745.809998,745.809998,3429200
635,750,755.900024,747,753.780029,753.780029,3195300
636,756.859985,757.340027,740.330017,748.210022,748.210022,5623700
637,746.76001,756.869995,741.25,742.630005,742.630005,4142300
638,748.859985,749.039978,739.02002,741.200012,741.200012,2390500
639,746.549988,746.549988,734.049988,735.440002,735.440002,3121400
640,735.48999,741.599976,728.719971,736.070007,736.070007,2954900
641,732.5,743.330017,732.309998,739.950012,739.950012,2216800
642,744,746.25,740.700012,745.719971,745.719971,2214000
643,747.5,749.359985,742.789978,744.429993,744.429993,2317100
644,747.789978,751.280029,743.530029,744.859985,744.859985,2277700
645,746.549988,748.5,735.349976,739.609985,739.609985,2679300
646,742.710022,743.130005,732.75,735.590027,735.590027,2529700
647,737.969971,740.940002,733.859985,736.669983,736.669983,2831800
648,745.97998,753.359985,739.700012,752.609985,752.609985,7617600
649,765,766,755,758.809998,758.809998,6777100
650,759.869995,770.5,757.059998,767.73999,767.73999,3578200
651,763.809998,765.01001,757.02002,760.580017,760.580017,3603300
652,757.059998,758.890015,752.25,754.640015,754.640015,3581500
653,753.700012,765,750.349976,760.77002,760.77002,3176000
654,764.809998,768.469971,763.090027,765.97998,765.97998,2704400
655,766.809998,767,761.02002,766.559998,766.559998,1986300
656,767.390015,772.599976,766.900024,768.309998,768.309998,1876100
657,769.799988,772.099976,766.190002,768.559998,768.559998,1604300
658,769.940002,773.75,769.119995,771.23999,771.23999,2016300
659,768.460022,773.150024,768.419983,772.559998,772.559998,1563300
660,771.900024,772.039978,767.710022,768.48999,768.48999,2118500
661,768.619995,768.72998,763.820007,764.039978,764.039978,1604600
662,764.409973,765.219971,759.200012,764.630005,764.630005,1891100
663,764,765.169983,760.599976,764.460022,764.460022,1458800
664,761.900024,762.48999,756.890015,757.309998,757.309998,2343200
665,757.5,759.849976,752.099976,759.47998,759.47998,1679300
666,763.309998,764.700012,761,762.450012,762.450012,1524100
667,763,763.409973,755.359985,757.25,757.25,1744100
668,756,760.559998,754.73999,759.219971,759.219971,1623000
669,760.049988,770,759.799988,769,769,2776800
670,768.719971,774.97998,768.599976,771.289978,771.289978,2185700
671,771.049988,771.840027,765.559998,767.580017,767.580017,1709200
672,766.599976,769.640015,764,769.159973,769.159973,1633800
673,770.900024,772.039978,766.75,770.619995,770.619995,1792300
674,774.109985,776,771.700012,772.440002,772.440002,2181800
675,774.039978,789.47998,770.219971,788.869995,788.869995,3719800
676,789.530029,790.789978,784.330017,784.47998,784.47998,2424600
677,783.890015,786.5,781.440002,784.059998,784.059998,2026400
678,779.359985,781,760.109985,760.140015,760.140015,4257300
679,757.349976,772.659973,756,771.48999,771.48999,3124700
680,768.77002,769.890015,759.049988,761.01001,761.01001,3117200
681,762.200012,767.5,758.849976,761.090027,761.090027,2523000
682,762,770.869995,757.580017,769.690002,769.690002,3034000
683,773.280029,780.460022,771.659973,778.52002,778.52002,5499200
684,779.969971,781.940002,771,775.099976,775.099976,2292500
685,776,781.369995,776,780.219971,780.219971,1937200
686,783.25,790.690002,779.01001,789.73999,789.73999,2718600
687,794.27002,805.890015,794.27002,804.700012,804.700012,4078900
688,803.130005,807.75,802.119995,805.75,805.75,2353500
689,801.799988,805.929993,797.150024,799.159973,799.159973,2651400
690,801.849976,816.640015,801.109985,816.109985,816.109985,3819600
691,818,830.140015,817.030029,828.719971,828.719971,4422100
692,828.26001,837.5,824.630005,829.049988,829.049988,4922200
693,832.609985,839.950012,832.400024,837.309998,837.309998,4430600
694,836,839.859985,831.25,836.73999,836.73999,2769400
695,840.909973,842.369995,830.26001,834.030029,834.030029,2950300
696,838,845.669983,836.119995,844.359985,844.359985,3469100
697,843.700012,847.210022,840.599976,841.659973,841.659973,2684000
698,845.789978,845.950012,837.450012,839.429993,839.429993,2426200
699,843.25,845.200012,840.27002,841.710022,841.710022,1818000
700,841.02002,841.289978,828.349976,831,831,3588200
701,834,837.669983,830.099976,834.090027,834.090027,2380400
702,829,831.799988,821.210022,829.280029,829.280029,3091400
703,835.080017,835.73999,822.960022,822.960022,822.960022,2999800
704,821.5,822,811.679993,812.950012,812.950012,3361500
705,822.109985,823.26001,815.02002,817.650024,817.650024,2480800
706,820.400024,820.669983,815.169983,817.690002,817.690002,2090700
707,813.98999,815.710022,803.099976,810.320007,810.320007,3152000
708,809.359985,819.419983,809,818.98999,818.98999,2793000
709,824.950012,838.299988,822.210022,838.090027,838.090027,4060900
710,839.299988,843.090027,833.219971,835.179993,835.179993,3248400
711,832.76001,833.440002,820,822.590027,822.590027,3998100
712,831.23999,831.719971,815.429993,818.359985,818.359985,7406400
713,782,789.48999,774.609985,776.320007,776.320007,10841100
714,781.030029,793.700012,780.109985,789.820007,789.820007,5413300
715,799,800.840027,776.710022,785.409973,785.409973,5305400
716,783.929993,784.75,763.549988,765.559998,765.559998,5026500
717,765.049988,777,764,767.030029,767.030029,3872500
718,762.789978,766,753.22998,755.049988,755.049988,5122100
719,771.640015,787.72998,770.940002,784.929993,784.929993,5984400
720,784.969971,791.73999,779.099976,787.75,787.75,3373300
721,764,777.5,760.090027,771.880005,771.880005,8562900
722,778.809998,778.830017,717.700012,742.380005,742.380005,12747000
723,735.72998,743.26001,728.900024,739.01001,739.01001,6622800
724,745.51001,746,710.099976,719.070007,719.070007,7283200
725,730,746.780029,725.98999,743.23999,743.23999,6755800
726,739.880005,749.869995,735.609985,746.48999,746.48999,3601400
727,749.320007,757.5,748,756.400024,756.400024,3690100
728,761,767.73999,757.640015,760.159973,760.159973,4373400
729,766,780.349976,765.109985,780,780,4614600
730,788.169983,792.400024,781,785.330017,785.330017,5311300
731,781.72998,781.75,773.119995,780.119995,780.119995,3522500
732,786.5,786.75,777.900024,780.369995,780.369995,1837100
733,776.98999,777,764.23999,766.77002,766.77002,4438800
734,768,769.890015,761.320007,762.52002,762.52002,3272300
735,762,768.090027,750.25,750.570007,750.570007,4625900
736,752.409973,753.369995,738.030029,743.650024,743.650024,4666000
737,743.400024,748.48999,736.700012,740.340027,740.340027,3561300
738,745,761.48999,742,759.359985,759.359985,4314700
739,763.98999,768.23999,757.25,764.719971,764.719971,3794700
740,764.549988,770.419983,755.820007,770.419983,770.419983,3684900
741,771.869995,773.789978,765.190002,767.330017,767.330017,3189600
742,770,770.25,765.340027,768.659973,768.659973,2470900
743,766.400024,766.890015,757.200012,760.119995,760.119995,2963900
744,764.960022,782.460022,762,774.340027,774.340027,5285300
745,778.25,780.859985,762.809998,768.820007,768.820007,5454800
746,766.280029,769.099976,760.309998,761,761,3801900
747,765,765.130005,754,757.77002,757.77002,4828700
748,758.890015,770.5,756.159973,766,766,3113200
749,768.650024,774.390015,767.710022,771.219971,771.219971,2703600
750,770,771.219971,765.700012,770.599976,770.599976,2044600
751,768.119995,771.210022,763.02002,766.340027,766.340027,2543600
752,764.549988,766.5,757.98999,760.590027,760.590027,1976900
753,763.400024,774.650024,761.200012,771.400024,771.400024,2638700
754,776.25,780,770.5,772.130005,772.130005,3301000
755,772.400024,773.400024,760.849976,765.150024,765.150024,3153500
756,766.469971,767.400024,748.280029,749.869995,749.869995,4139400
757,757.919983,758.76001,747.700012,753.669983,753.669983,3521100
758,758.390015,759.679993,754.200012,757.179993,757.179993,2510500
759,761.549988,782.400024,760.26001,780.450012,780.450012,5830100
760,782.359985,799.440002,778.47998,795.98999,795.98999,5986200
761,798,801.77002,791.77002,796.919983,796.919983,3440100
762,796.599976,798,789.539978,795.900024,795.900024,2558400
763,793.659973,799.5,789.51001,799.02002,799.02002,2992800
764,800.309998,814.130005,799.5,813.640015,813.640015,4873900
765,814.320007,821.650024,811.400024,817.140015,817.140015,3791900
766,815.700012,816,803.440002,809.719971,809.719971,3659400
767,809.5,811.72998,804.27002,807.47998,807.47998,2354200
768,810,813.51001,807.320007,809.039978,809.039978,2540800
769,815.280029,816.02002,806.26001,808.330017,808.330017,3376200
770,806.799988,818.5,805.080017,817.880005,817.880005,2797500
771,822,823.98999,814.5,822.440002,822.440002,2971700
772,825.789978,837.419983,825.289978,836.52002,836.52002,3922600
773,835.530029,843.840027,833,839.150024,839.150024,3586300
774,839,839.700012,829.440002,835.77002,835.77002,2998700
775,833,833.5,816.380005,830.380005,830.380005,3747300
776,823.75,826.98999,819.559998,823.47998,823.47998,3137200
777,829.210022,833.780029,824.940002,832.349976,832.349976,3850200
778,836.590027,842.48999,828.26001,839.950012,839.950012,7350500
779,806.719971,818.299988,804,810.200012,810.200012,10868800
780,809.799988,810.719971,803,807.640015,807.640015,3897300
781,809.309998,816.159973,807.5,812.5,812.5,3466100
782,812.690002,821.47998,812.5,819.710022,819.710022,2858000
783,821.599976,825,819.710022,821.359985,821.359985,2484900
784,823.820007,828,822.849976,827.460022,827.460022,2429600
785,831.619995,843,828.549988,836.530029,836.530029,4172600
786,837,838.309998,831.450012,836.390015,836.390015,2787900
787,834,842.809998,832.820007,842.700012,842.700012,2968900
788,841.840027,845,839.380005,844.140015,844.140015,2714700
789,842,847.27002,840.72998,845.070007,845.070007,3112300
790,848.840027,857.97998,847.25,856.440002,856.440002,3507700
791,856.950012,858.429993,852.179993,855.609985,855.609985,2617000
792,857.570007,860.859985,848,852.190002,852.190002,3462000
793,844.690002,845.809998,837.75,845.23999,845.23999,3688000
794,842.380005,852.5,839.669983,848.640015,848.640015,2713600
795,851.450012,854.090027,842.049988,845.039978,845.039978,2793700
796,853.049988,854.830017,849.01001,853.080017,853.080017,2760100
797,853.080017,854.820007,847.280029,848.909973,848.909973,2132100
798,847.200012,851.98999,846.27002,849.880005,849.880005,1941100
799,845.22998,848.48999,841.119995,846.609985,846.609985,2610400
800,845.47998,848.460022,843.75,846.02002,846.02002,2247600
801,848,853.070007,846.789978,850.5,850.5,2286500
802,851,856.400024,850.309998,853,853,2048200
803,857,857.349976,851.719971,852.460022,852.460022,2436400
804,851.77002,855.690002,851.710022,854.590027,854.590027,1909700
805,853.549988,853.75,847.549988,852.530029,852.530029,2130600
806,854.330017,854.450012,847.109985,852.969971,852.969971,2562200
807,855.299988,855.5,850.51001,853.419983,853.419983,1842300
808,853.48999,853.830017,850.640015,852.309998,852.309998,3384400
809,851.51001,857.799988,851.01001,856.969971,856.969971,2282700
810,858.840027,862.799988,841.309998,843.200012,843.200012,4382900
811,840.429993,849.369995,839.049988,848.059998,848.059998,2658700
812,848.200012,850.890015,844.799988,847.380005,847.380005,1953000
813,851.679993,851.799988,843.530029,845.609985,845.609985,2138300
814,838.070007,850.299988,833.5,846.820007,846.820007,2755800
815,851.75,858.460022,850.099976,856,856,3041600
816,859.049988,876.440002,859.02002,874.320007,874.320007,4485800
817,874.950012,877.059998,871.659973,876.340027,876.340027,2762700
818,877,890.349976,876.650024,886.539978,886.539978,3957600
819,888,893.48999,885.419983,891.51001,891.51001,3422300
820,891.5,908.539978,890.280029,906.830017,906.830017,4984700
821,910.820007,923.719971,905.619995,909.280029,909.280029,7508400
822,913.799988,917.190002,894.48999,898.280029,898.280029,6344100
823,899.650024,900.090027,889.309998,894.880005,894.880005,3710900
824,899.630005,908.51001,899,907.039978,907.039978,3184300
825,907.039978,911.23999,897.5,902.359985,902.359985,3012700
826,903.090027,904.090027,895.25,896.22998,896.22998,2456100
827,891.450012,894.969971,884.48999,884.669983,884.669983,3174600
828,887.5,902.380005,887.5,901.98999,901.98999,2854700
829,900.98999,909.609985,900.780029,903.780029,903.780029,2999200
830,907.840027,910.5,897.369995,899.200012,899.200012,2870200
831,899.700012,905.320007,896.289978,902.059998,902.059998,2814400
832,902.669983,903.650024,896.77002,898.530029,898.530029,2420500
833,908.679993,909.98999,903.820007,907.409973,907.409973,3122900
834,907.039978,909.47998,903,907.619995,907.619995,3380600
835,910.299988,915.75,907.559998,909.289978,909.289978,2608900
836,914.390015,921.859985,912.109985,918.380005,918.380005,5305500
837,948.830017,949.590027,924.330017,924.98999,924.98999,7335800
838,927.799988,954.400024,927.799988,948.22998,948.22998,5466500
839,946.650024,950.099976,941.409973,946.940002,946.940002,3848800
840,946,946,935.900024,941.030029,941.030029,3582700
841,944.75,945,934.219971,937.530029,937.530029,2418400
842,940.52002,940.789978,930.299988,934.150024,934.150024,2866400
843,940.950012,949.049988,939.210022,949.039978,949.039978,3415700
844,952.799988,957.890015,950.200012,952.820007,952.820007,3262100
845,953.5,953.75,945,948.950012,948.950012,2096500
846,945.109985,950.289978,940.780029,947.619995,947.619995,2194100
847,954.5,962.789978,951.530029,961.349976,961.349976,3625900
848,958.72998,963.150024,956.059998,957.969971,957.969971,4270600
849,961,970.059998,960.909973,966.070007,966.070007,3126100
850,954.700012,960.400024,944.119995,944.76001,944.76001,5145600
851,944.799988,962.75,944.76001,958.48999,958.48999,3939300
852,962.840027,968.919983,959.719971,959.840027,959.840027,3972100
853,964,971.380005,962.900024,970.669983,970.669983,2642200
854,975.02002,975.200012,966.849976,971.539978,971.539978,2415600
855,976,981,970.22998,980.349976,980.349976,2446000
856,984.849976,999,982.109985,993.380005,993.380005,4822000
857,995,998.650024,989.25,995.780029,995.780029,3469200
858,996.51001,1001.200012,995.52002,996.700012,996.700012,3263100
859,1000,1000.119995,982.159973,994.619995,994.619995,3913100
860,998.590027,998.98999,991.369995,995.950012,995.950012,2454800
861,998.98999,1008.47998,995.669983,1006.72998,1006.72998,3752300
862,1007.22998,1013.210022,1003.51001,1011.340027,1011.340027,2719900
863,1012,1016.5,1001.25,1003,1003,3346400
864,1005.950012,1010.25,1002,1010.070007,1010.070007,2823000
865,1012.059998,1013.609985,1006.109985,1010.27002,1010.27002,2753300
866,1012.5,1012.98999,927,978.309998,978.309998,7647700
867,967,975.950012,945,964.909973,964.909973,9447200
868,977.98999,984.5,966.099976,980.789978,980.789978,4580000
869,988.590027,990.340027,966.710022,976.469971,976.469971,3974900
870,958.700012,965.72998,950.859985,964.169983,964.169983,5373900
871,996,999.75,982,987.710022,987.710022,11472700
872,1017,1017,989.900024,995.169983,995.169983,5043400
873,998,1004.880005,992.02002,992.590027,992.590027,4076800
874,998.700012,1002.719971,992.650024,1002.22998,1002.22998,2922500
875,1002.22998,1006.960022,997.200012,1001.299988,1001.299988,2253400
876,1002.539978,1004.619995,998.02002,1003.73999,1003.73999,2879100
877,1008.5,1009.799988,992,993.97998,993.97998,3386200
878,990.690002,998.799988,976,976.780029,976.780029,3782400
879,978.549988,990.679993,969.210022,990.330017,990.330017,3737600
880,979,987.559998,965.25,975.929993,975.929993,4303000
881,980.119995,983.469971,967.609985,968,968,3390300
882,972.789978,974.48999,951,953.659973,953.659973,2909100
883,961.530029,975,955.25,971.400024,971.400024,3653000
884,964.659973,974.400024,959.02002,965.140015,965.140015,3259600
885,969.549988,980.109985,969.140015,978.76001,978.76001,2643400
886,985,999.440002,983.5,996.469971,996.469971,3546300
887,993,995.98999,983.719971,994.130005,994.130005,2982700
888,1000.650024,1008.549988,998.099976,1006.51001,1006.51001,3608600
889,1004.619995,1006.880005,995.900024,1000.630005,1000.630005,2880800
890,1002.400024,1004.450012,996.890015,1001.809998,1001.809998,2102500
891,1004.690002,1014.75,1003.809998,1010.039978,1010.039978,3712600
892,1006,1026.030029,1004,1024.449951,1024.449951,4007600
893,1025,1031.589966,1022.5,1026.869995,1026.869995,2964000
894,1031.589966,1034.969971,1022.52002,1028.699951,1028.699951,3097500
895,1021.280029,1026.099976,1011,1025.670044,1025.670044,2734600
896,1028.339966,1043.01001,1027.430054,1038.949951,1038.949951,3288000
897,1038.050049,1043.329956,1032.47998,1039.869995,1039.869995,2447600
898,1043.199951,1053.199951,1043.199951,1052.800049,1052.800049,2921300
899,1069.550049,1083.310059,1040.180054,1046,1046,10991700
900,1012.140015,1032.849976,1001,1020.039978,1020.039978,7709400
901,1019.049988,1019.049988,987.02002,987.780029,987.780029,7352100
902,996.109985,1006.400024,991.580017,996.190002,996.190002,4572600
903,1001.77002,1003.210022,981.72998,995.890015,995.890015,4070000
904,999.469971,999.5,984.590027,986.919983,986.919983,3255800
905,989.679993,991.669983,982,987.580017,987.580017,2730300
906,990.650024,995,987.140015,992.27002,992.27002,2676600
907,994.349976,996.280029,985.789978,989.840027,989.840027,2902800
908,982.599976,988,975.27002,982.01001,982.01001,3569700
909,976.299988,979.859985,954.679993,956.919983,956.919983,5684100
910,960,970.390015,951.380005,967.98999,967.98999,3468000
911,978.409973,985.5,976.190002,983.299988,983.299988,3042800
912,988.900024,991.73999,982,982.73999,982.73999,2549300
913,981.650024,986.460022,973.219971,978.179993,978.179993,3132100
914,977.840027,977.840027,960.320007,960.570007,960.570007,3512400
915,961.400024,965.429993,954.650024,958.469971,958.469971,3284800
916,957.570007,961.200012,945.460022,953.289978,953.289978,3164500
917,955.52002,967.929993,955.5,966.900024,966.900024,2750000
918,959.380005,962,954.200012,958,958,2668300
919,957.419983,959,941.140015,952.450012,952.450012,5195700
920,956,957.619995,944.099976,945.26001,945.26001,3324800
921,946.539978,953,942.25,946.02002,946.02002,2596700
922,940,956,936.330017,954.059998,954.059998,2874300
923,958.440002,969.409973,956.909973,967.590027,967.590027,2904600
924,974.700012,981,972.76001,980.599976,980.599976,3331500
925,984.200012,984.5,976.880005,978.25,978.25,2535900
926,975.400024,976.77002,960.369995,965.27002,965.27002,2883200
927,968.320007,971.840027,960.599976,967.799988,967.799988,2129900
928,974,980.590027,972.549988,979.469971,979.469971,2566800
929,979.099976,979.880005,963.469971,965.900024,965.900024,2605300
930,974.460022,981.940002,974.219971,977.960022,977.960022,2186700
931,983.27002,984.669983,975.52002,982.580017,982.580017,2481100
932,983.969971,1000,979.419983,999.599976,999.599976,3374700
933,996.799988,998.559998,987.73999,992.210022,992.210022,3913300
934,993.01001,996.25,984.030029,986.789978,986.789978,3760200
935,990.400024,992.789978,968.169983,974.190002,974.190002,3411300
936,977.25,978.23999,967.460022,969.859985,969.859985,2671100
937,971.789978,974.809998,962.159973,973.210022,973.210022,2888800
938,971.309998,971.700012,962.02002,964.650024,964.650024,2337600
939,961.01001,965.609985,954.419983,955.099976,955.099976,2641800
940,949.309998,949.419983,932.890015,939.789978,939.789978,5124000
941,945.48999,948.630005,931.75,938.599976,938.599976,3564800
942,948,955.299988,943.299988,950.869995,950.869995,3148900
943,951.859985,959.700012,950.099976,956.400024,956.400024,2522600
944,960.109985,964.830017,958.380005,961.349976,961.349976,2543800
945,964,967.309998,952.119995,959.190002,959.190002,2442900
946,958,963.690002,950.369995,957.099976,957.099976,2666600
947,954.210022,967.789978,954.049988,965.450012,965.450012,2527400
948,970,981.51001,969.640015,980.849976,980.849976,3229200
949,975.640015,995.75,975.640015,989.580017,989.580017,3782100
950,993.23999,998.5,987.5,990.98999,990.98999,2938600
951,996.669983,997.950012,980.099976,987.200012,987.200012,3084900
952,991.27002,995.5,986.700012,995,995,2337100
953,996.809998,1008.440002,992.400024,1000.929993,1000.929993,4067300
954,1007,1007.77002,1001.030029,1002.940002,1002.940002,2431500
955,1008.440002,1009.570007,1001.039978,1006.340027,1006.340027,2008900
956,1005.590027,1011.469971,1004.380005,1009.130005,1009.130005,2319700
957,1009.27002,1022.309998,996.549988,997,997,2499700
958,990,991.049988,980.23999,986.609985,986.609985,3108200
959,993.530029,994.619995,982,982.909973,982.909973,2365100
960,986.72998,986.780029,962.5,966.299988,966.299988,3494100
961,969,979.849976,965,975.900024,975.900024,2723900
962,978,984.440002,966.23999,972.909973,972.909973,3033100
963,980.330017,982.900024,968.549988,972.429993,972.429993,5618700
964,1058.140015,1105.579956,1050.550049,1100.949951,1100.949951,16565000
965,1095.01001,1122.790039,1093.560059,1110.849976,1110.849976,6613100
966,1109,1110.540039,1101.119995,1105.280029,1105.280029,3477000
967,1105.400024,1108.969971,1096.73999,1103.680054,1103.680054,3755500
968,1097.810059,1101.939941,1086.869995,1094.219971,1094.219971,3684900
969,1091.150024,1112.680054,1088.52002,1111.599976,1111.599976,3751500
970,1109.150024,1125.410034,1108.77002,1120.660034,1120.660034,3381100
971,1124.73999,1130.599976,1117.5,1123.170044,1123.170044,2689000
972,1122.819946,1135.540039,1119.109985,1132.880005,1132.880005,2581500
973,1125.959961,1129.619995,1115.77002,1129.130005,1129.130005,3732700
974,1126.099976,1131.75,1124.060059,1125.349976,1125.349976,2179900
975,1123,1139.900024,1122.339966,1129.170044,1129.170044,2918400
976,1130.109985,1138,1123.890015,1136.839966,1136.839966,3138400
977,1127.01001,1131.75,1121.630005,1126.689941,1126.689941,3928700
978,1130.160034,1138.160034,1130.050049,1137.290039,1137.290039,2213300
979,1138.280029,1138.800049,1125.810059,1129.880005,1129.880005,2413400
980,1129.77002,1133.420044,1122.550049,1126.310059,1126.310059,2163900
981,1132.859985,1140,1128.199951,1139.48999,1139.48999,2479400
982,1141,1160.27002,1141,1156.160034,1156.160034,3555300
983,1160.699951,1186.839966,1160.699951,1186,1186,3528000
984,1202.660034,1213.410034,1191.150024,1195.829956,1195.829956,6744000
985,1204.880005,1205.339966,1188.52002,1193.599976,1193.599976,4559400
986,1194.800049,1194.800049,1145.189941,1161.27002,1161.27002,9257500
987,1167.099976,1178.569946,1160,1176.75,1176.75,4509200
988,1172.050049,1179.650024,1152,1162.349976,1162.349976,4107100
989,1173.849976,1175.199951,1128,1133.949951,1133.949951,5931900
990,1128.26001,1159.27002,1124.73999,1141.569946,1141.569946,4079800
991,1137.98999,1155.890015,1136.079956,1152.349976,1152.349976,2853300
992,1156.589966,1163.189941,1151,1159.790039,1159.790039,2511600
993,1170.400024,1172.790039,1157.099976,1162,1162,3050100
994,1164.599976,1169.900024,1157,1168.920044,1168.920044,2363500
995,1166.51001,1173.599976,1161.609985,1165.079956,1165.079956,2235900
996,1170,1170.869995,1160.27002,1164.130005,1164.130005,2616800
997,1163.709961,1177.930054,1162.449951,1174.26001,1174.26001,3214300
998,1179.030029,1182.75,1169.329956,1179.140015,1179.140015,4778600
999,1187.369995,1194.780029,1180.910034,1190.579956,1190.579956,2947600
1000,1189.150024,1192.969971,1179.140015,1187.380005,1187.380005,2587800
1001,1190.5,1191,1176,1177.619995,1177.619995,2371200
1002,1175.900024,1179.170044,1167.640015,1174.76001,1174.76001,2123100
1003,1172.079956,1174.619995,1167.829956,1168.359985,1168.359985,1585100
1004,1168.359985,1178.319946,1160.550049,1176.76001,1176.76001,2005200
1005,1179.910034,1187.290039,1175.609985,1182.26001,1182.26001,1867200
1006,1189,1190.099976,1184.380005,1186.099976,1186.099976,1841700
1007,1182.349976,1184,1167.5,1169.469971,1169.469971,2688400
1008,1172,1190,1170.51001,1189.01001,1189.01001,2694500
1009,1188.300049,1205.48999,1188.300049,1204.199951,1204.199951,3108800
1010,1205,1215.869995,1204.660034,1209.589966,1209.589966,3022100
1011,1217.51001,1229.140015,1210,1229.140015,1229.140015,3544700
1012,1236,1253.079956,1232.030029,1246.869995,1246.869995,4279500
1013,1256.900024,1259.329956,1241.76001,1252.699951,1252.699951,3661300
1014,1245.150024,1254.329956,1237.22998,1254.329956,1254.329956,2686000
1015,1259.73999,1276.77002,1256.459961,1276.680054,1276.680054,3125000
1016,1273.390015,1305.76001,1273.390015,1305.199951,1305.199951,5443700
1017,1323,1339.939941,1292.300049,1304.859985,1304.859985,7220700
1018,1312.23999,1314,1280.880005,1295,1295,5221400
1019,1293.949951,1304.599976,1284.02002,1293.319946,1293.319946,4026900
1020,1312,1313,1292.98999,1294.579956,1294.579956,4578500
1021,1297.170044,1327.449951,1296.660034,1327.310059,1327.310059,4140100
1022,1338.089966,1364.900024,1337.339966,1362.540039,1362.540039,5169300
1023,1374.819946,1388.160034,1338,1357.51001,1357.51001,6807500
1024,1368,1378.339966,1357.619995,1377.949951,1377.949951,4753000
1025,1392.01001,1402.530029,1380.910034,1402.050049,1402.050049,4857300
1026,1409.180054,1431.390015,1400.439941,1417.680054,1417.680054,5701900
1027,1403.170044,1439.25,1392,1437.819946,1437.819946,5871900
1028,1451.300049,1472.579956,1450.040039,1450.890015,1450.890015,6424700
1029,1445,1459.880005,1385.140015,1390,1390,9113800
1030,1477.390015,1498,1414,1429.949951,1429.949951,11125700
1031,1402.619995,1458.97998,1320.719971,1390,1390,11495000
1032,1361.459961,1443.98999,1351.790039,1442.839966,1442.839966,11066800
1033,1449,1460.98999,1415.150024,1416.780029,1416.780029,7162700
1034,1429.680054,1433.75,1349.939941,1350.5,1350.5,8578600
1035,1373.48999,1383.5,1265.930054,1339.599976,1339.599976,14141500
1036,1364.670044,1393.810059,1344.01001,1386.22998,1386.22998,6738900
1037,1385.930054,1419.719971,1383.530029,1414.51001,1414.51001,5917900
1038,1406.25,1452.060059,1403.359985,1451.050049,1451.050049,5959200
1039,1466.890015,1468.939941,1436.839966,1461.76001,1461.76001,5652700
1040,1457.369995,1465.800049,1446.560059,1448.689941,1448.689941,4472600
1041,1446.48999,1488.77002,1446.48999,1468.349976,1468.349976,6499200
1042,1485,1503.48999,1478.920044,1482.920044,1482.920044,6304400
1043,1495.359985,1502.540039,1475.76001,1485.339966,1485.339966,4858100
1044,1495.339966,1500,1486.5,1500,1500,4418100
1045,1509.199951,1522.839966,1507,1521.949951,1521.949951,4955000
1046,1524.5,1526.780029,1507.209961,1511.97998,1511.97998,4808800
1047,1519.51001,1528.699951,1512,1512.449951,1512.449951,4515000
1048,1513.599976,1518.48999,1465,1493.449951,1493.449951,6835200
1049,1469.099976,1501.050049,1455.01001,1500.25,1500.25,6587600
1050,1494.23999,1525.380005,1481,1523.609985,1523.609985,5233900
1051,1533.199951,1542.130005,1528,1537.640015,1537.640015,4561700
1052,1526.52002,1545.900024,1522.51001,1545,1545,4174100
1053,1550,1554.880005,1545.25,1551.859985,1551.859985,3862600
1054,1563.5,1578.939941,1559.079956,1578.890015,1578.890015,4534300
1055,1592.599976,1605.329956,1586.699951,1598.390015,1598.390015,5174200
1056,1615.959961,1617.540039,1578.01001,1588.180054,1588.180054,6531900
1057,1597,1606.439941,1590.890015,1591,1591,4259400
1058,1595,1596.910034,1578.109985,1582.319946,1582.319946,4069700
1059,1583.449951,1589.439941,1567.5,1571.680054,1571.680054,5425000
1060,1554.530029,1561.660034,1525.349976,1544.930054,1544.930054,6580800
1061,1550.339966,1587,1545.410034,1586.51001,1586.51001,4581600
1062,1586.449951,1590,1563.170044,1581.859985,1581.859985,4750800
1063,1565.469971,1573.849976,1542.400024,1544.920044,1544.920044,6320600
1064,1539.01001,1549.02002,1495.359985,1495.560059,1495.560059,8006000
1065,1530,1556.98999,1499.25,1555.859985,1555.859985,5624700
1066,1572.400024,1575.969971,1482.319946,1497.050049,1497.050049,6999600
1067,1447,1455.900024,1386.170044,1431.420044,1431.420044,13705300
1068,1406,1455.469971,1365.199951,1447.339966,1447.339966,12581100
1069,1417.619995,1421.359985,1355,1371.98999,1371.98999,10463600
1070,1391.380005,1414,1355.329956,1392.050049,1392.050049,10231200
1071,1358.23999,1415.390015,1352.880005,1410.569946,1410.569946,6982300
1072,1441.98999,1459.560059,1427.069946,1451.75,1451.75,6413500
1073,1429.969971,1452.5,1400.26001,1405.22998,1405.22998,5882300
1074,1425.030029,1438.47998,1402.569946,1406.079956,1406.079956,4208200
1075,1431.98999,1438.380005,1415.699951,1436.219971,1436.219971,4254100
1076,1439.439941,1448.780029,1424.890015,1427.050049,1427.050049,3582500
1077,1439.5,1452.119995,1435.060059,1448.5,1448.5,3135000
1078,1449.140015,1459.780029,1424.52002,1430.790039,1430.790039,3685300
1079,1445,1447,1427.47998,1441.5,1441.5,2808600
1080,1462.300049,1507.189941,1457.02002,1503.829956,1503.829956,5114400
1081,1514.650024,1533.800049,1504.109985,1527.839966,1527.839966,5227500
1082,1543.219971,1568.52002,1539.060059,1556.910034,1556.910034,6523700
1083,1561.199951,1561.199951,1516.089966,1527.48999,1527.48999,5541600
1084,1546.689941,1548,1503.410034,1517.859985,1517.859985,4465400
1085,1535.800049,1539.5,1448.449951,1460.089966,1460.089966,7494700
1086,1458,1469.98999,1415.02002,1460.170044,1460.170044,6587300
1087,1485.01001,1529.420044,1478.5,1517.959961,1517.959961,8801100
1088,1634.01001,1638.099976,1567.390015,1572.619995,1572.619995,13053200
1089,1582.5,1596,1560.939941,1566.130005,1566.130005,5464100
1090,1563.219971,1585,1552.180054,1582.26001,1582.26001,4572100
1091,1580.97998,1588.5,1566.359985,1569.680054,1569.680054,4360300
1092,1560.01001,1574.800049,1546.02002,1572.079956,1572.079956,4251900
1093,1562.449951,1584.900024,1562.189941,1580.949951,1580.949951,3443600
1094,1589.339966,1606.949951,1587.829956,1600.140015,1600.140015,3801900
1095,1595,1596.880005,1582.51001,1592.390015,1592.390015,3067900
1096,1600,1608,1592,1608,1608,3637300
1097,1608.47998,1615.599976,1603.439941,1609.079956,1609.079956,2817500
1098,1610.98999,1611.099976,1597.890015,1602.910034,1602.910034,2263900
1099,1604,1611.180054,1600.050049,1601.540039,1601.540039,2509500
1100,1587.800049,1587.800049,1565.219971,1576.119995,1576.119995,5077500
1101,1577.5,1594.430054,1576.670044,1587.280029,1587.280029,2570600
1102,1580.560059,1594.040039,1573,1581.76001,1581.76001,2147600
1103,1581.329956,1583.589966,1572.099976,1574.369995,1574.369995,2642600
1104,1585,1592.050049,1575,1585.459961,1585.459961,2925200
1105,1589.890015,1589.890015,1575.25,1581.400024,1581.400024,2115600
1106,1571.050049,1601.859985,1566.339966,1601.859985,1601.859985,3299800
1107,1598.030029,1608.23999,1588.380005,1603.069946,1603.069946,3430000
1108,1603,1614.119995,1600.449951,1610.150024,1610.150024,2698400
1109,1600.709961,1621.790039,1600.150024,1612.869995,1612.869995,3846500
1110,1618.099976,1626,1612.930054,1624.890015,1624.890015,2907400
1111,1623,1635,1621.349976,1629.619995,1629.619995,3166300
1112,1637.030029,1646.72998,1635.089966,1641.540039,1641.540039,3313400
1113,1648.900024,1665.680054,1645.48999,1665.27002,1665.27002,3187700
1114,1672.98999,1699,1670.060059,1696.349976,1696.349976,4782200
1115,1704.51001,1714.5,1686.469971,1695.75,1695.75,5473200
1116,1698.560059,1699.900024,1676.109985,1689.300049,1689.300049,3765700
1117,1681.119995,1689.439941,1673.01001,1683.98999,1683.98999,2955100
1118,1681.51001,1694.23999,1680.589966,1689.119995,1689.119995,2335500
1119,1693,1699.51001,1691.52002,1698.75,1698.75,2259200
1120,1702.810059,1713.75,1700.119995,1704.859985,1704.859985,3327500
1121,1713.47998,1724.800049,1708.869995,1723.859985,1723.859985,3174400
1122,1714,1720.869995,1708.52002,1715.969971,1715.969971,4777600
1123,1706.26001,1726.73999,1702.560059,1723.790039,1723.790039,3107700
1124,1709.040039,1736.109985,1700.390015,1734.780029,1734.780029,4290100
1125,1742.5,1762.930054,1741.359985,1750.079956,1750.079956,4332600
1126,1760,1763.099976,1717.560059,1730.219971,1730.219971,4941100
1127,1742.619995,1743,1711.900024,1715.670044,1715.670044,4075100
1128,1702.51001,1705,1646.310059,1663.150024,1663.150024,7511200
1129,1672.369995,1701.569946,1663.339966,1691.089966,1691.089966,4386600
1130,1708.109985,1711.949951,1660,1660.51001,1660.51001,4872200
1131,1672.540039,1705.5,1661.170044,1701.449951,1701.449951,4529700
1132,1717,1723.410034,1694.319946,1699.800049,1699.800049,4543500
1133,1682.699951,1713.890015,1678.060059,1713.780029,1713.780029,3185700
1134,1723.959961,1725,1692.47998,1693.959961,1693.959961,2177300
1135,1705.380005,1710.689941,1682.150024,1699.72998,1699.72998,2983100
1136,1696,1715.27002,1691.670044,1710.630005,1710.630005,2650300
1137,1724.050049,1739.560059,1716.22998,1739.02002,1739.02002,3012000
1138,1738.530029,1750,1731,1743.069946,1743.069946,3002900
1139,1737.98999,1756.959961,1734,1755,1755,3209800
1140,1764.51001,1798,1762.180054,1796.619995,1796.619995,4532700
1141,1803.930054,1815.300049,1795.22998,1813.030029,1813.030029,4383200
1142,1821.949951,1841.949951,1814.449951,1822.48999,1822.48999,5466200
1143,1811.560059,1851.689941,1797.380005,1843.930054,1843.930054,5682900
1144,1848,1858.880005,1831.27002,1842.920044,1842.920044,4861900
1145,1829.459961,1841,1811.27002,1812.969971,1812.969971,4676900
1146,1825.01001,1834.839966,1810.060059,1813.699951,1813.699951,3884400
1147,1812.209961,1819,1769.98999,1802,1802,3888500
1148,1829.01001,1840,1809.380005,1829.23999,1829.23999,4278700
1149,1829.300049,1863.839966,1822.640015,1863.609985,1863.609985,3738200
1150,1839,1844.680054,1804.5,1808,1808,9924400
1151,1876.050049,1880.050049,1806.530029,1817.27002,1817.27002,9681000
1152,1827.329956,1829.5,1766.02002,1779.219971,1779.219971,6562300
1153,1786.48999,1801.829956,1739.319946,1777.439941,1777.439941,5738700
1154,1784,1798.439941,1776.02002,1797.170044,1797.170044,4153100
1155,1788.77002,1836.560059,1786,1834.329956,1834.329956,4354700
1156,1837.73999,1841,1821.5,1823.290039,1823.290039,3460500
1157,1825.810059,1847.77002,1818.920044,1847.75,1847.75,3391800
1158,1854.530029,1869.719971,1846.27002,1862.47998,1862.47998,3377500
1159,1861,1891.51001,1854.5,1886.52002,1886.52002,3963000
1160,1882,1914.569946,1877.47998,1898.52002,1898.52002,4849900
1161,1888.51001,1899.5,1878.209961,1886.300049,1886.300049,3639900
1162,1898.5,1925,1893.670044,1896.199951,1896.199951,5512600
1163,1919.390015,1921.01001,1900,1919.650024,1919.650024,3986100
1164,1909.550049,1916.209961,1869.790039,1882.619995,1882.619995,7700700
1165,1903.939941,1905,1883.550049,1886.52002,1886.52002,3957100
1166,1885.800049,1888,1855.550049,1882.219971,1882.219971,4104300
1167,1890.569946,1891.75,1866.060059,1876.709961,1876.709961,2862000
1168,1880,1897.75,1874.410034,1883.420044,1883.420044,3105600
1169,1876.640015,1905.800049,1876.640015,1904.900024,1904.900024,3080500
1170,1907.170044,1919.5,1900.76001,1902.900024,1902.900024,3563000
1171,1910.51001,1916.01001,1902.540039,1905.390015,1905.390015,2800900
1172,1915,1927.699951,1909.280029,1927.680054,1927.680054,3569000
1173,1937.72998,1941.780029,1928.819946,1932.819946,1932.819946,3100700
1174,1953.449951,1998.689941,1948.939941,1998.099976,1998.099976,6531800
1175,1997.420044,2025.569946,1986.900024,2002.380005,2002.380005,7277300
1176,2007,2022.380005,2004.73999,2012.709961,2012.709961,4204400
1177,2026.5,2050.5,2013,2039.51001,2039.51001,5721100
1178,2038.109985,2040.380005,1989.890015,1994.819946,1994.819946,8220600
1179,2006.51001,2007.5,1935.209961,1958.310059,1958.310059,7488700
1180,1938.709961,1975.199951,1937.349976,1952.069946,1952.069946,4892600
1181,1971,1973.040039,1931.52002,1939.01001,1939.01001,4544800
1182,1928.27002,1988.880005,1917,1987.150024,1987.150024,5033600
1183,1994,2000,1962.439941,1990,1990,4414000
1184,2000,2008.76001,1982.030029,1989.869995,1989.869995,3621500
1185,1992.930054,1993.650024,1959.219971,1970.189941,1970.189941,3642000
1186,1954.72998,1956.819946,1887.410034,1908.030029,1908.030029,7050200
1187,1918.650024,1958.199951,1915.439941,1941.050049,1941.050049,4268700
1188,1940.5,1940.829956,1904.900024,1926.420044,1926.420044,4056800
1189,1938.579956,1955,1932.25,1944.300049,1944.300049,3154900
1190,1954.219971,1957.310059,1910.5,1915.01001,1915.01001,6855900
1191,1903.790039,1936.880005,1865,1934.359985,1934.359985,4213700
1192,1942.900024,1975.910034,1938.849976,1974.550049,1974.550049,4538400
1193,1968.5,1995.25,1961.52002,1974.849976,1974.849976,4313500
1194,1993.23999,2016.160034,1988.579956,2012.97998,2012.97998,4329400
1195,2004.410034,2026.52002,1996.459961,2003,2003,4085100
1196,2021.98999,2033.189941,2003.599976,2004.359985,2004.359985,3460500
1197,1999.98999,2013.390015,1965.77002,1971.310059,1971.310059,5400700
1198,1981.699951,1989.699951,1949.810059,1952.76001,1952.76001,5253100
1199,1949,1956,1896.569946,1909.420044,1909.420044,7257000
1200,1917.98999,1929.079956,1862.829956,1889.650024,1889.650024,6822300
1201,1874,1902,1830.660034,1864.420044,1864.420044,7393200
1202,1859.98999,1896.680054,1852.319946,1870.319946,1870.319946,4772900
1203,1857.890015,1858.560059,1754.410034,1755.25,1755.25,10988900
1204,1724,1755.400024,1685.099976,1719.359985,1719.359985,13935900
1205,1808,1808.949951,1742.530029,1788.609985,1788.609985,9444600
1206,1795,1795.050049,1734.22998,1760.949951,1760.949951,6437200
1207,1783.5,1823.880005,1761.550049,1819.959961,1819.959961,5859900
1208,1842.790039,1845,1807,1831.72998,1831.72998,5295200
1209,1821.48999,1830.150024,1767.869995,1770.719971,1770.719971,5874000
1210,1785.160034,1809.099976,1753,1764.030029,1764.030029,5907200
1211,1784,1809.5,1756,1789.300049,1789.300049,4500000
1212,1742.23999,1776.339966,1714,1768.699951,1768.699951,6723900
1213,1773.699951,1777.709961,1656.560059,1664.199951,1664.199951,6928400
1214,1703.339966,1794.810059,1692.01001,1782.170044,1782.170044,10285700
1215,1649.589966,1698.459961,1603,1642.810059,1642.810059,14963800
1216,1660,1665.73999,1495,1538.880005,1538.880005,13866100
1217,1486.160034,1540.98999,1476.359985,1530.420044,1530.420044,12460100
1218,1569.98999,1623.910034,1565.089966,1598.01001,1598.01001,9390200
1219,1623.530029,1670.449951,1598.439941,1665.530029,1665.530029,8135500
1220,1678.589966,1697.439941,1651.829956,1665.530029,1665.530029,6955500
1221,1657.569946,1658.089966,1596.359985,1627.800049,1627.800049,5624700
1222,1618.349976,1665,1614.550049,1642.810059,1642.810059,4257400
1223,1673,1759.22998,1664.079956,1755.48999,1755.48999,8192200
1224,1755,1784,1725.109985,1754.910034,1754.910034,6534900
1225,1732.5,1743.920044,1701.869995,1712.430054,1712.430054,5902200
1226,1698.23999,1708.550049,1630.01001,1636.849976,1636.849976,6806200
1227,1649.290039,1677.060059,1613.75,1631.170044,1631.170044,5933300
1228,1656.319946,1673,1597.069946,1599.01001,1599.01001,6486900
1229,1581.01001,1624.819946,1546.51001,1619.439941,1619.439941,8427300
1230,1587.5,1614.47998,1573.119995,1593.410034,1593.410034,6066100
1231,1577.01001,1581.189941,1503.359985,1512.290039,1512.290039,7790000
1232,1437.5,1534.75,1420,1495.459961,1495.459961,10878800
1233,1542.98999,1550,1515,1516.72998,1516.72998,5716800
1234,1517,1536.199951,1501.810059,1502.060059,1502.060059,2707600
1235,1539,1584.810059,1524.219971,1581.329956,1581.329956,6257700
1236,1575.98999,1597.650024,1558.01001,1581.420044,1581.420044,5783200
1237,1613.920044,1681.449951,1601.219971,1677.75,1677.75,8458700
1238,1674.98999,1689.98999,1652.329956,1673.569946,1673.569946,6613200
1239,1679.5,1696,1666.5,1690.170044,1690.170044,5761800
1240,1769.459961,1778.339966,1730,1772.359985,1772.359985,6862300
1241,1756,1770.339966,1665,1668.400024,1668.400024,8694500
1242,1614.869995,1701.050049,1609.849976,1699.189941,1699.189941,8789400
1243,1705.069946,1718.930054,1625.459961,1629.130005,1629.130005,7576100
1244,1623.839966,1657.98999,1590.869995,1641.030029,1641.030029,7494800
1245,1678,1679.469971,1619.599976,1643.23999,1643.23999,6244700
1246,1669,1704.98999,1660.27002,1663.540039,1663.540039,6598000
1247,1680,1692.119995,1641.5,1658.380005,1658.380005,5271300
1248,1638,1642.569946,1585,1591.910034,1591.910034,6367200
1249,1566,1576.130005,1505.01001,1520.910034,1520.910034,8829800
1250,1540,1567.550049,1523.01001,1551.47998,1551.47998,6523000
1251,1543.050049,1584.530029,1483.180054,1495.079956,1495.079956,8792200
1252,1484,1509.5,1432.689941,1460.829956,1460.829956,9991800
1253,1464.98999,1480,1363.959961,1377.449951,1377.449951,13640300
1254,1346,1396.030029,1307,1343.959961,1343.959961,7220000
1255,1368.890015,1473.160034,1363.01001,1470.900024,1470.900024,10411800
1256,1454.199951,1469,1390.310059,1461.640015,1461.640015,9722000
1257,1473.349976,1513.469971,1449,1478.02002,1478.02002,8829000
1258,1510.800049,1520.76001,1487,1501.969971,1501.969971,6954500
